"data_version","best_alpha","best_lambda","accuracy","tc"
"Categorical",0.6,0.00316227766016838,0.420159151193634,2995.50349433945
"Numeric",0.1,0.0316227766016838,0.424403183023873,2972.16854971171
